id,camera_id,title,river,location,lat,lon,image_url,live_url,page_url,provider
okayama-webcam-108449012,108449012,旭川／岡山市北区建部町鶴田（旭川ダム）,旭川,岡山県岡山市北区建部町鶴田,34.91258,133.85986,https://cam.river.go.jp/cam/now/108449012.jpg,,https://www.river.go.jp/kawabou/pc/tm?zm=13&clat=34.910710205494546&clon=133.86840820312503&fld=0&mapType=0&viewGrpStg=0&viewRd=1&viewRW=1&viewRiver=1&viewPoint=1&ext=0&itmkndCd=200&scamId=108449012&ownCd=8449&sysCamId=8449012,岡山県・国土交通省 川の防災情報
okayama-webcam-108449011,108449011,旭川／岡山市北区建部町福渡（八幡橋）,旭川,岡山県岡山市北区建部町福渡,34.868779,133.902319,https://cam.river.go.jp/cam/now/108449011.jpg,,https://www.river.go.jp/kawabou/pc/tm?zm=13&clat=34.858045333916714&clon=133.91767501831058&fld=0&mapType=0&viewGrpStg=0&viewRd=1&viewRW=1&viewRiver=1&viewPoint=1&ext=0&itmkndCd=200&scamId=108449011&ownCd=8449&sysCamId=8449011,岡山県・国土交通省 川の防災情報
okayama-webcam-34.781751-133.923608,34.781751-133.923608,旭川／岡山市北区御津宇垣,旭川,岡山市北区御津宇垣,34.78175105831262,133.9236076298403,,,https://k.river.go.jp/?zm=14&clat=34.78175105831262&clon=133.9236076298403&t=0&dobs=1&drvr=1&dtv=1&dtmobs=1&dtmtv=1,岡山県・国土交通省 川の防災情報
okayama-webcam-108449010,108449010,旭川／岡山市北区御津草生（金川大橋）,旭川,岡山県岡山市北区建部町草生,34.800222,133.936638,https://cam.river.go.jp/cam/now/108449010.jpg,,https://www.river.go.jp/kawabou/pc/tm?zm=13&clat=34.8183131456094&clon=133.92076492309573&fld=0&mapType=0&viewGrpStg=0&viewRd=1&viewRW=1&viewRiver=1&viewPoint=1&ext=0&itmkndCd=200&scamId=108449010&ownCd=8449&sysCamId=8449010,岡山県・国土交通省 川の防災情報
okayama-webcam-108449008,108449008,旭川／岡山市北区牟佐,旭川,岡山県岡山市北区牟佐,34.741224,133.961577,https://cam.river.go.jp/cam/now/108449008.jpg,,https://www.river.go.jp/kawabou/pc/tm?zm=13&clat=34.75698653900663&clon=133.9187049865723&fld=0&mapType=0&viewGrpStg=0&viewRd=1&viewRW=1&viewRiver=1&viewPoint=1&ext=0&itmkndCd=200&scamId=108449008&ownCd=8449&sysCamId=8449008,岡山県・国土交通省 川の防災情報
okayama-webcam-108449053,108449053,旭川／真庭市久見（加佐見橋）,旭川,岡山県真庭市久見,35.174778,133.729806,https://cam.river.go.jp/cam/now/108449053.jpg,,https://www.river.go.jp/kawabou/pc/tm?zm=13&clat=35.19457264621338&clon=133.75150680541995&fld=0&mapType=0&viewGrpStg=0&viewRd=1&viewRW=1&viewRiver=1&viewPoint=1&ext=0&itmkndCd=200&scamId=108449053&ownCd=8449&sysCamId=8449053,岡山県・国土交通省 川の防災情報
okayama-webcam-108449013,108449013,旭川／真庭市向津矢,旭川,岡山県真庭市向津矢,35.017141,133.756644,https://cam.river.go.jp/cam/now/108449013.jpg,,https://www.river.go.jp/kawabou/pc/tm?zm=13&clat=35.00834646184243&clon=133.7406921386719&fld=0&mapType=0&viewGrpStg=0&viewRd=1&viewRW=1&viewRiver=1&viewPoint=1&ext=0&itmkndCd=200&scamId=108449013&ownCd=8449&sysCamId=8449013,岡山県・国土交通省 川の防災情報
okayama-webcam-108449052,108449052,旭川／真庭市草加部（大上橋）,旭川,岡山県真庭市草加部,35.081722,133.70781,https://cam.river.go.jp/cam/now/108449052.jpg,,https://www.river.go.jp/kawabou/pc/tm?zm=13&clat=35.07679117524855&clon=133.765926361084&fld=0&mapType=0&viewGrpStg=0&viewRd=1&viewRW=1&viewRiver=1&viewPoint=1&ext=0&itmkndCd=200&scamId=108449052&ownCd=8449&sysCamId=8449052,岡山県・国土交通省 川の防災情報
okayama-webcam-108449014,108449014,旭川／真庭市中島（いずみ橋）,旭川,岡山県真庭市中島,35.074071,133.75308,https://cam.river.go.jp/cam/now/108449014.jpg,,https://www.river.go.jp/kawabou/pc/tm?zm=13&clat=35.07679117524855&clon=133.765926361084&fld=0&mapType=0&viewGrpStg=0&viewRd=1&viewRW=1&viewRiver=1&viewPoint=1&ext=0&itmkndCd=200&scamId=108449014&ownCd=8449&sysCamId=8449014,岡山県・国土交通省 川の防災情報
okayama-webcam-108449015,108449015,旭川／真庭市湯原温泉（湯原ダム）,旭川,岡山県真庭市湯原温泉,35.206301,133.732838,https://cam.river.go.jp/cam/now/108449015.jpg,,https://www.river.go.jp/kawabou/pc/tm?zm=13&clat=35.19457264621338&clon=133.75150680541995&fld=0&mapType=0&viewGrpStg=0&viewRd=1&viewRW=1&viewRiver=1&viewPoint=1&ext=0&itmkndCd=200&scamId=108449015&ownCd=8449&sysCamId=8449015,岡山県・国土交通省 川の防災情報
okayama-webcam-108449054,108449054,旭川／真庭市蒜山上長田（龍頭橋）,旭川,岡山県真庭市蒜山上長田,35.2875,133.702611,https://cam.river.go.jp/cam/now/108449054.jpg,,https://www.river.go.jp/kawabou/pc/tm?zm=13&clat=35.26986892283886&clon=133.75442504882815&fld=0&mapType=0&viewGrpStg=0&viewRd=1&viewRW=1&viewRiver=1&viewPoint=1&ext=0&itmkndCd=200&scamId=108449054&ownCd=8449&sysCamId=8449054,岡山県・国土交通省 川の防災情報
okayama-webcam-108449016,108449016,宇甘川／岡山市北区御津中泉（道路橋）,宇甘川,岡山県岡山市北区御津中泉,34.81105,133.886915,https://cam.river.go.jp/cam/now/108449016.jpg,,https://www.river.go.jp/kawabou/pc/tm?zm=13&clat=34.8183131456094&clon=133.92076492309573&fld=0&mapType=0&viewGrpStg=0&viewRd=1&viewRW=1&viewRiver=1&viewPoint=1&ext=0&itmkndCd=200&scamId=108449016&ownCd=8449&sysCamId=8449016,岡山県・国土交通省 川の防災情報
okayama-webcam-108449067,108449067,宇甘川／吉備中央町下加茂（加茂新橋）,宇甘川,岡山県加賀郡吉備中央町下加茂,34.860944,133.808778,https://cam.river.go.jp/cam/now/108449067.jpg,,https://www.river.go.jp/kawabou/pc/tm?zm=13&clat=34.88438198851206&clon=133.8043785095215&fld=0&mapType=0&viewGrpStg=0&viewRd=1&viewRW=1&viewRiver=1&viewPoint=1&ext=0&itmkndCd=200&scamId=108449067&ownCd=8449&sysCamId=8449067,岡山県・国土交通省 川の防災情報
okayama-webcam-108449044,108449044,下村川／倉敷市児島下の町（日本橋）,下村川,岡山県倉敷市児島下の町,34.480335,133.8219,https://cam.river.go.jp/cam/now/108449044.jpg,,https://www.river.go.jp/kawabou/pc/tm?zm=14&clat=34.483071035490156&clon=133.81304740905765&fld=0&mapType=0&viewGrpStg=0&viewRd=1&viewRW=1&viewRiver=1&viewPoint=1&ext=0&itmkndCd=200&scamId=108449044&ownCd=8449&sysCamId=8449044,岡山県・国土交通省 川の防災情報
okayama-webcam-108449045,108449045,加茂川／津山市加茂町中原（東西橋）,加茂川,岡山県津山市加茂町中原,35.17177,134.05539,https://cam.river.go.jp/cam/now/108449045.jpg,,https://www.river.go.jp/kawabou/pc/tm?zm=13&clat=35.14531888891172&clon=134.08075332641604&fld=0&mapType=0&viewGrpStg=0&viewRd=1&viewRW=1&viewRiver=1&viewPoint=1&ext=0&itmkndCd=200&scamId=108449045&ownCd=8449&sysCamId=8449045,岡山県・国土交通省 川の防災情報
okayama-webcam-108449007,108449007,加茂川／津山市川崎（兼田橋）,加茂川,岡山県津山市川崎,35.05973,134.03691,https://cam.river.go.jp/cam/now/108449007.jpg,,https://www.river.go.jp/kawabou/pc/tm?zm=13&clat=35.073278982700046&clon=133.99200439453128&fld=0&mapType=0&viewGrpStg=0&viewRd=1&viewRW=1&viewRiver=1&viewPoint=1&ext=0&itmkndCd=200&scamId=108449007&ownCd=8449&sysCamId=8449007,岡山県・国土交通省 川の防災情報
okayama-webcam-108449037,108449037,鴨川／玉野市広岡（広岡桜橋）,鴨川,岡山県玉野市長尾,34.498597,133.887068,https://cam.river.go.jp/cam/now/108449037.jpg,,https://www.river.go.jp/kawabou/pc/tm?zm=13&clat=34.514619423605595&clon=133.93157958984378&fld=0&mapType=0&viewGrpStg=0&viewRd=1&viewRW=1&viewRiver=1&viewPoint=1&ext=0&itmkndCd=200&scamId=108449037&ownCd=8449&sysCamId=8449037,岡山県・国土交通省 川の防災情報
okayama-webcam-108449004,108449004,干田川／瀬戸内市長船町福里（歩道橋）,干田川,岡山県瀬戸内市長船町福里,34.695947,134.124718,https://cam.river.go.jp/cam/now/108449004.jpg,,https://www.river.go.jp/kawabou/pc/tm?zm=13&clat=34.66582890455926&clon=134.13534164428714&fld=0&mapType=0&viewGrpStg=0&viewRd=1&viewRW=1&viewRiver=1&viewPoint=1&ext=0&itmkndCd=200&scamId=108449004&ownCd=8449&sysCamId=8449004,岡山県・国土交通省 川の防災情報
okayama-webcam-108449068,108449068,吉井川／久米郡美咲町高下（周匝橋）,吉井川,久米郡美咲町高下,34.923056,134.101111,https://cam.river.go.jp/cam/now/108449068.jpg,,https://www.river.go.jp/kawabou/pc/tm?zm=13&clat=34.94856861158591&clon=134.07783508300784&fld=0&mapType=0&viewGrpStg=0&viewRd=1&viewRW=1&viewRiver=1&viewPoint=1&ext=0&itmkndCd=200&scamId=108449068&ownCd=8449&sysCamId=8449068,岡山県・国土交通省 川の防災情報
okayama-webcam-108449019,108449019,吉井川／鏡野町中谷,吉井川,岡山県苫田郡鏡野町中谷,35.114606,133.894602,https://cam.river.go.jp/cam/now/108449019.jpg,,https://www.river.go.jp/kawabou/pc/tm?zm=13&clat=35.103619336325934&clon=133.88008117675784&fld=0&mapType=0&viewGrpStg=0&viewRd=1&viewRW=1&viewRiver=1&viewPoint=1&ext=0&itmkndCd=200&scamId=108449019&ownCd=8449&sysCamId=8449019,岡山県・国土交通省 川の防災情報
okayama-webcam-108449075,108449075,吉井川／津山市昭和町,吉井川,岡山県津山市昭和町,35.05587,134.00057,https://cam.river.go.jp/cam/now/108449075.jpg,,https://www.river.go.jp/kawabou/pc/tm?zm=13&clat=35.073278982700046&clon=133.99200439453128&fld=0&mapType=0&viewGrpStg=0&viewRd=1&viewRW=1&viewRiver=1&viewPoint=1&ext=0&itmkndCd=200&scamId=108449075&ownCd=8449&sysCamId=8449075,岡山県・国土交通省 川の防災情報
okayama-webcam-108449002,108449002,吉井川／美咲町柵原（昭和橋）,吉井川,岡山県久米郡美咲町柵原,34.953471,134.061112,https://cam.river.go.jp/cam/now/108449002.jpg,,https://www.river.go.jp/kawabou/pc/tm?zm=13&clat=34.97431359982925&clon=134.03560638427737&fld=0&mapType=0&viewGrpStg=0&viewRd=1&viewRW=1&viewRiver=1&viewPoint=1&ext=0&itmkndCd=200&scamId=108449002&ownCd=8449&sysCamId=8449002,岡山県・国土交通省 川の防災情報
okayama-webcam-108449001,108449001,吉井川／和気町佐伯（佐伯大橋）,吉井川,岡山県和気郡和気町佐伯,34.846263,134.095327,https://cam.river.go.jp/cam/now/108449001.jpg,,https://www.river.go.jp/kawabou/pc/tm?zm=13&clat=34.85790447351564&clon=134.12366867065433&fld=0&mapType=0&viewGrpStg=0&viewRd=1&viewRW=1&viewRiver=1&viewPoint=1&ext=0&itmkndCd=200&scamId=108449001&ownCd=8449&sysCamId=8449001,岡山県・国土交通省 川の防災情報
okayama-webcam-108449064,108449064,吉野川／西粟倉村長尾（高田橋）,吉野川,岡山県英田郡西粟倉村長尾,35.169194,134.335556,https://cam.river.go.jp/cam/now/108449064.jpg,,https://www.river.go.jp/kawabou/pc/tm?zm=13&clat=35.17086159841507&clon=134.34579849243167&fld=0&mapType=0&viewGrpStg=0&viewRd=1&viewRW=1&viewRiver=1&viewPoint=1&ext=0&itmkndCd=200&scamId=108449064&ownCd=8449&sysCamId=8449064,岡山県・国土交通省 川の防災情報
okayama-webcam-108449056,108449056,吉野川／美作市川北（大還橋）,吉野川,岡山県美作市川北,35.014611,134.222611,https://cam.river.go.jp/cam/now/108449056.jpg,,https://www.river.go.jp/kawabou/pc/tm?zm=13&clat=34.986128262717195&clon=134.17997360229495&fld=0&mapType=0&viewGrpStg=0&viewRd=1&viewRW=1&viewRiver=1&viewPoint=1&ext=0&itmkndCd=200&scamId=108449056&ownCd=8449&sysCamId=8449056,岡山県・国土交通省 川の防災情報
okayama-webcam-108449057,108449057,吉野川／美作市中町（新千歳橋）,吉野川,岡山県美作市中町,35.10914,134.326556,https://cam.river.go.jp/cam/now/108449057.jpg,,https://www.river.go.jp/kawabou/pc/tm?zm=13&clat=35.05922870088872&clon=134.31077957153323&fld=0&mapType=0&viewGrpStg=0&viewRd=1&viewRW=1&viewRiver=1&viewPoint=1&ext=0&itmkndCd=200&scamId=108449057&ownCd=8449&sysCamId=8449057,岡山県・国土交通省 川の防災情報
okayama-webcam-108449005,108449005,吉野川／美作市福本（王子橋）,吉野川,岡山県美作市福本,34.935801,134.121897,https://cam.river.go.jp/cam/now/108449005.jpg,,https://www.river.go.jp/kawabou/pc/tm?zm=13&clat=34.94927213403907&clon=134.14478302001956&fld=0&mapType=0&viewGrpStg=0&viewRd=1&viewRW=1&viewRiver=1&viewPoint=1&ext=0&itmkndCd=200&scamId=108449005&ownCd=8449&sysCamId=8449005,岡山県・国土交通省 川の防災情報
okayama-webcam-108449046,108449046,久米川／津山市南方中（若草橋）,久米川,岡山県津山市南方中,35.05875,133.900417,https://cam.river.go.jp/cam/now/108449046.jpg,,https://www.river.go.jp/kawabou/pc/tm?zm=13&clat=35.074964853989556&clon=133.94960403442386&fld=0&mapType=0&viewGrpStg=0&viewRd=1&viewRW=1&viewRiver=1&viewPoint=1&ext=0&itmkndCd=200&scamId=108449046&ownCd=8449&sysCamId=8449046,岡山県・国土交通省 川の防災情報
okayama-webcam-108449050,108449050,金剛川／備前市吉永町吉永中（寺橋）,金剛川,岡山県備前市吉永町吉永中,34.810285,134.208087,https://cam.river.go.jp/cam/now/108449050.jpg,,https://www.river.go.jp/kawabou/pc/tm?zm=13&clat=34.803232439312744&clon=134.223747253418&fld=0&mapType=0&viewGrpStg=0&viewRd=1&viewRW=1&viewRiver=1&viewPoint=1&ext=0&itmkndCd=200&scamId=108449050&ownCd=8449&sysCamId=8449050,岡山県・国土交通省 川の防災情報
okayama-webcam-108449051,108449051,金剛川／備前市三石（守石橋）,金剛川,岡山県備前市三石,34.799028,134.2735,https://cam.river.go.jp/cam/now/108449051.jpg,,https://www.river.go.jp/kawabou/pc/tm?zm=13&clat=34.799028&clon=134.2735&fld=0&mapType=0&viewGrpStg=0&viewRd=1&viewRW=1&viewRiver=1&viewPoint=1&ext=0&itmkndCd=200&scamId=108449051&ownCd=8449&sysCamId=8449051,岡山県・国土交通省 川の防災情報
okayama-webcam-108449061,108449061,香々美川／鏡野町竹田（竹田大橋）,香々美川,岡山県苫田郡鏡野町竹田,35.09355,133.933806,https://cam.river.go.jp/cam/now/108449061.jpg,,https://www.river.go.jp/kawabou/pc/tm?zm=13&clat=35.12004898127693&clon=133.94445419311526&fld=0&mapType=0&viewGrpStg=0&viewRd=1&viewRW=1&viewRiver=1&viewPoint=1&ext=0&itmkndCd=200&scamId=108449061&ownCd=8449&sysCamId=8449061,岡山県・国土交通省 川の防災情報
okayama-webcam-108449028,108449028,高馬川／倉敷市真備町箭田,高馬川,岡山県倉敷市真備町箭田,34.626087,133.687838,https://cam.river.go.jp/cam/now/108449028.jpg,,https://www.river.go.jp/kawabou/pc/tm?zm=14&clat=34.62494471403154&clon=133.6776924133301&fld=0&mapType=0&viewGrpStg=0&viewRd=1&viewRW=1&viewRiver=1&viewPoint=1&ext=0&itmkndCd=200&scamId=108449028&ownCd=8449&sysCamId=8449028,岡山県・国土交通省 川の防災情報
okayama-webcam-108449021,108449021,高梁川／高梁市段町（落合橋）,高梁川,岡山県高梁市落合町,34.779942,133.602009,https://cam.river.go.jp/cam/now/108449021.jpg,,https://www.river.go.jp/kawabou/pc/tm?zm=13&clat=34.803796253690784&clon=133.57572555541995&fld=0&mapType=0&viewGrpStg=0&viewRd=1&viewRW=1&viewRiver=1&viewPoint=1&ext=0&itmkndCd=200&scamId=108449021&ownCd=8449&sysCamId=8449021,岡山県・国土交通省 川の防災情報
okayama-webcam-108449022,108449022,高梁川／新見市井倉（井倉連絡橋）,高梁川,岡山県新見市井倉,34.928326,133.52394,https://cam.river.go.jp/cam/now/108449022.jpg,,https://www.river.go.jp/kawabou/pc/tm?zm=13&clat=34.97375095431689&clon=133.48148345947268&fld=0&mapType=0&viewGrpStg=0&viewRd=1&viewRW=1&viewRiver=1&viewPoint=1&ext=0&itmkndCd=200&scamId=108449022&ownCd=8449&sysCamId=8449022,岡山県・国土交通省 川の防災情報
okayama-webcam-108449076,108449076,高梁川／新見市高尾（昭和橋）,高梁川,岡山県新見市高尾,34.98855,133.45681,https://cam.river.go.jp/cam/now/108449076.jpg,,https://www.river.go.jp/kawabou/pc/tm?zm=13&clat=34.96657688524927&clon=133.47787857055667&fld=0&mapType=0&viewGrpStg=0&viewRd=1&viewRW=1&viewRiver=1&viewPoint=1&ext=0&itmkndCd=200&scamId=108449076&ownCd=8449&sysCamId=8449076,岡山県・国土交通省 川の防災情報
okayama-webcam-108449023,108449023,高梁川／新見市唐松（小坂部川合流部）,高梁川,岡山県新見市唐松,34.952085,133.497188,https://cam.river.go.jp/cam/now/108449023.jpg,,https://www.river.go.jp/kawabou/pc/tm?zm=13&clat=34.98855&clon=133.45681&fld=0&mapType=0&viewGrpStg=0&viewRd=1&viewRW=1&viewRiver=1&viewPoint=1&ext=0&itmkndCd=200&scamId=108449023&ownCd=8449&sysCamId=8449023,岡山県・国土交通省 川の防災情報
okayama-webcam-108449047,108449047,今立川／里庄町浜中（浜中橋）,今立川,岡山県浅口郡里庄町浜中,34.4983,133.531167,https://cam.river.go.jp/cam/now/108449047.jpg,,https://www.river.go.jp/kawabou/pc/tm?zm=14&clat=34.522681445413966&clon=133.56061935424808&fld=0&mapType=0&viewGrpStg=0&viewRd=1&viewRW=1&viewRiver=1&viewPoint=1&ext=0&itmkndCd=200&scamId=108449047&ownCd=8449&sysCamId=8449047,岡山県・国土交通省 川の防災情報
okayama-webcam-108449017,108449017,砂川／岡山市東区沼（楢部橋）,砂川,岡山県岡山市東区沼,34.707925,134.040816,https://cam.river.go.jp/cam/now/108449017.jpg,,https://www.river.go.jp/kawabou/pc/tm?zm=13&clat=34.72087416995039&clon=133.99801254272464&fld=0&mapType=0&viewGrpStg=0&viewRd=1&viewRW=1&viewRiver=1&viewPoint=1&ext=0&itmkndCd=200&scamId=108449017&ownCd=8449&sysCamId=8449017,岡山県・国土交通省 川の防災情報
okayama-webcam-108449077,108449077,砂川／岡山市東区浅越,砂川,岡山県東区浅越,34.65839,134.02329,https://cam.river.go.jp/cam/now/108449077.jpg,,https://www.river.go.jp/kawabou/pc/tm?zm=13&clat=34.67472331107103&clon=134.00934219360354&fld=0&mapType=0&viewGrpStg=0&viewRd=1&viewRW=1&viewRiver=1&viewPoint=1&ext=0&itmkndCd=200&scamId=108449077&ownCd=8449&sysCamId=8449077,岡山県・国土交通省 川の防災情報
okayama-webcam-108449069,108449069,砂川／岡山市東区楢原（舟橋）,砂川,岡山市東区楢原,34.699444,134.054167,https://cam.river.go.jp/cam/now/108449069.jpg,,https://www.river.go.jp/kawabou/pc/tm?zm=13&clat=34.72087416995039&clon=133.99801254272464&fld=0&mapType=0&viewGrpStg=0&viewRd=1&viewRW=1&viewRiver=1&viewPoint=1&ext=0&itmkndCd=200&scamId=108449069&ownCd=8449&sysCamId=8449069,岡山県・国土交通省 川の防災情報
okayama-webcam-108449018,108449018,砂川／赤磐市下市（下市橋）,砂川,岡山県赤磐市下市,34.752506,134.018306,https://cam.river.go.jp/cam/now/108449018.jpg,,https://www.river.go.jp/kawabou/pc/tm?zm=13&clat=34.78222760653013&clon=134.0205001831055&fld=0&mapType=0&viewGrpStg=0&viewRd=1&viewRW=1&viewRiver=1&viewPoint=1&ext=0&itmkndCd=200&scamId=108449018&ownCd=8449&sysCamId=8449018,岡山県・国土交通省 川の防災情報
okayama-webcam-108449032,108449032,笹ヶ瀬川／岡山市南区米倉（大樋橋）,笹ヶ瀬川,岡山県岡山市南区当新田,34.628343,133.889529,https://cam.river.go.jp/cam/now/108449032.jpg,,https://www.river.go.jp/kawabou/pc/tm?zm=13&clat=34.62021242702652&clon=133.8812828063965&fld=0&mapType=0&viewGrpStg=0&viewRd=1&viewRW=1&viewRiver=1&viewPoint=1&ext=0&itmkndCd=200&scamId=108449032&ownCd=8449&sysCamId=8449032,岡山県・国土交通省 川の防災情報
okayama-webcam-108449034,108449034,笹ヶ瀬川／岡山市北区花尻みどり町（びくに橋）,笹ヶ瀬川,岡山県岡山市北区岡山市北区花尻みどり町,34.663928,133.876291,https://cam.river.go.jp/cam/now/108449034.jpg,,https://www.river.go.jp/kawabou/pc/tm?zm=13&clat=34.63857501742478&clon=133.87561798095706&fld=0&mapType=0&viewGrpStg=0&viewRd=1&viewRW=1&viewRiver=1&viewPoint=1&ext=0&itmkndCd=200&scamId=108449034&ownCd=8449&sysCamId=8449034,岡山県・国土交通省 川の防災情報
okayama-webcam-108449033,108449033,笹ヶ瀬川／岡山市北区首部,笹ヶ瀬川,岡山県岡山市北区首部,34.684183,133.898952,https://cam.river.go.jp/cam/now/108449033.jpg,,https://www.river.go.jp/kawabou/pc/tm?zm=13&clat=34.664699387779756&clon=133.86943817138675&fld=0&mapType=0&viewGrpStg=0&viewRd=1&viewRW=1&viewRiver=1&viewPoint=1&ext=0&itmkndCd=200&scamId=108449033&ownCd=8449&sysCamId=8449033,岡山県・国土交通省 川の防災情報
okayama-webcam-108449070,108449070,笹ヶ瀬川／岡山市北区白石（歩道橋）,笹ヶ瀬川,岡山県岡山市北区白石,34.655111,133.876398,https://cam.river.go.jp/cam/now/108449070.jpg,,https://www.river.go.jp/kawabou/pc/tm?zm=13&clat=34.63857501742478&clon=133.87561798095706&fld=0&mapType=0&viewGrpStg=0&viewRd=1&viewRW=1&viewRiver=1&viewPoint=1&ext=0&itmkndCd=200&scamId=108449070&ownCd=8449&sysCamId=8449070,岡山県・国土交通省 川の防災情報
okayama-webcam-108449058,108449058,汐入川／早島町前潟,汐入川,岡山県都窪郡早島町前潟,34.596417,133.824389,https://cam.river.go.jp/cam/now/108449058.jpg,,https://www.river.go.jp/kawabou/pc/tm?zm=13&clat=34.60707361886901&clon=133.81862640380862&fld=0&mapType=0&viewGrpStg=0&viewRd=1&viewRW=1&viewRiver=1&viewPoint=1&ext=0&itmkndCd=200&scamId=108449058&ownCd=8449&sysCamId=8449058,岡山県・国土交通省 川の防災情報
okayama-webcam-108449049,108449049,小坂部川／新見市大佐小阪部（新矢矧橋）,小坂部川,岡山県新見市大佐小阪部,35.084833,133.568143,https://cam.river.go.jp/cam/now/108449049.jpg,,https://www.river.go.jp/kawabou/pc/tm?zm=13&clat=35.08802917547392&clon=133.5455131530762&fld=0&mapType=0&viewGrpStg=0&viewRd=1&viewRW=1&viewRiver=1&viewPoint=1&ext=0&itmkndCd=200&scamId=108449049&ownCd=8449&sysCamId=8449049,岡山県・国土交通省 川の防災情報
okayama-webcam-108449071,108449071,小田川／井原市西江原町（大正橋）,小田川,岡山県井原市西江原町,34.601873,133.4695,https://cam.river.go.jp/cam/now/108449071.jpg,,https://www.river.go.jp/kawabou/pc/tm?zm=13&clat=34.553932081973954&clon=133.4983062744141&fld=0&mapType=0&viewGrpStg=0&viewRd=1&viewRW=1&viewRiver=1&viewPoint=1&ext=0&itmkndCd=200&scamId=108449071&ownCd=8449&sysCamId=8449071,岡山県・国土交通省 川の防災情報
okayama-webcam-108449026,108449026,小田川／井原市芳井町（金比羅橋）,小田川,岡山県井原市芳井町,34.632339,133.433319,https://cam.river.go.jp/cam/now/108449026.jpg,,https://www.river.go.jp/kawabou/pc/tm?zm=13&clat=34.59039988013903&clon=133.48594665527347&fld=0&mapType=0&viewGrpStg=0&viewRd=1&viewRW=1&viewRiver=1&viewPoint=1&ext=0&itmkndCd=200&scamId=108449026&ownCd=8449&sysCamId=8449026,岡山県・国土交通省 川の防災情報
okayama-webcam-108449078,108449078,小田川／笠岡市甲弩（本林寺北側）,小田川,笠岡市甲弩,34.60172222,133.54713888,https://cam.river.go.jp/cam/now/108449078.jpg,,https://www.river.go.jp/kawabou/pc/tm?zm=16&clat=34.601881118915486&clon=133.54575991630557&fld=0&mapType=0&viewGrpStg=0&viewRd=1&viewRW=1&viewRl=1&viewRn=1&viewPoint=1&ext=0&itmkndCd=200&scamId=108449078&ownCd=8449&sysCamId=8449078,岡山県・国土交通省 川の防災情報
okayama-webcam-108449043,108449043,小田川／倉敷市児島味野上（中井戸橋）,小田川,岡山県倉敷市児島味野上,34.476167,133.801167,https://cam.river.go.jp/cam/now/108449043.jpg,,https://www.river.go.jp/kawabou/pc/tm?zm=14&clat=34.483071035490156&clon=133.81304740905765&fld=0&mapType=0&viewGrpStg=0&viewRd=1&viewRW=1&viewRiver=1&viewPoint=1&ext=0&itmkndCd=200&scamId=108449043&ownCd=8449&sysCamId=8449043,岡山県・国土交通省 川の防災情報
okayama-webcam-108449074,108449074,小田川／矢掛町小林,小田川,岡山県小田郡矢掛町小林,34.62294,133.58591,https://cam.river.go.jp/cam/now/108449074.jpg,,https://www.river.go.jp/kawabou/pc/tm?zm=13&clat=34.63151296363536&clon=133.62619400024417&fld=0&mapType=0&viewGrpStg=0&viewRd=1&viewRW=1&viewRiver=1&viewPoint=1&ext=0&itmkndCd=200&scamId=108449074&ownCd=8449&sysCamId=8449074,岡山県・国土交通省 川の防災情報
okayama-webcam-108449024,108449024,小田川／矢掛町浅海（中央橋）,小田川,岡山県矢掛町浅海,34.609006,133.561384,https://cam.river.go.jp/cam/now/108449024.jpg,,https://www.river.go.jp/kawabou/pc/tm?zm=13&clat=34.63151296363536&clon=133.62619400024417&fld=0&mapType=0&viewGrpStg=0&viewRd=1&viewRW=1&viewRiver=1&viewPoint=1&ext=0&itmkndCd=200&scamId=108449024&ownCd=8449&sysCamId=8449024,岡山県・国土交通省 川の防災情報
okayama-webcam-108449060,108449060,新庄川／新庄村（宝田橋）,新庄川,岡山県真庭郡新庄村,35.174963,133.571275,https://cam.river.go.jp/cam/now/108449060.jpg,,https://www.river.go.jp/kawabou/pc/tm?zm=13&clat=35.18910147994894&clon=133.58825683593753&fld=0&mapType=0&viewGrpStg=0&viewRd=1&viewRW=1&viewRiver=1&viewPoint=1&ext=0&itmkndCd=200&scamId=108449060&ownCd=8449&sysCamId=8449060,岡山県・国土交通省 川の防災情報
okayama-webcam-108449059,108449059,新庄川／里庄町新庄（2005号橋）,新庄川,岡山県浅口郡里庄町新庄,34.506083,133.543889,https://cam.river.go.jp/cam/now/108449059.jpg,,https://www.river.go.jp/kawabou/pc/tm?zm=14&clat=34.522681445413966&clon=133.56061935424808&fld=0&mapType=0&viewGrpStg=0&viewRd=1&viewRW=1&viewRiver=1&viewPoint=1&ext=0&itmkndCd=200&scamId=108449059&ownCd=8449&sysCamId=8449059,岡山県・国土交通省 川の防災情報
okayama-webcam-108449048,108449048,新本川／総社市久代（新大黒橋）,新本川,岡山県総社市久代,34.672667,133.675333,https://cam.river.go.jp/cam/now/108449048.jpg,,https://www.river.go.jp/kawabou/pc/tm?zm=14&clat=34.65813376663665&clon=133.68232727050784&fld=0&mapType=0&viewGrpStg=0&viewRd=1&viewRW=1&viewRiver=1&viewPoint=1&ext=0&itmkndCd=200&scamId=108449048&ownCd=8449&sysCamId=8449048,岡山県・国土交通省 川の防災情報
okayama-webcam-108449029,108449029,真谷川／倉敷市玉島服部（服部橋）,真谷川,岡山県倉敷市玉島服部,34.610098,133.680606,https://cam.river.go.jp/cam/now/108449029.jpg,,https://www.river.go.jp/kawabou/pc/tm?zm=14&clat=34.62494471403154&clon=133.6776924133301&fld=0&mapType=0&viewGrpStg=0&viewRd=1&viewRW=1&viewRiver=1&viewPoint=1&ext=0&itmkndCd=200&scamId=108449029&ownCd=8449&sysCamId=8449029,岡山県・国土交通省 川の防災情報
okayama-webcam-108449031,108449031,成羽川／高梁市成羽町（総門橋）,成羽川,岡山県高梁市成羽町,34.781157,133.533539,https://cam.river.go.jp/cam/now/108449031.jpg,,https://www.river.go.jp/kawabou/pc/tm?zm=13&clat=34.79660733149717&clon=133.56044769287112&fld=0&mapType=0&viewGrpStg=0&viewRd=1&viewRW=1&viewRiver=1&viewPoint=1&ext=0&itmkndCd=200&scamId=108449031&ownCd=8449&sysCamId=8449031,岡山県・国土交通省 川の防災情報
okayama-webcam-108449030,108449030,西川／新見市金谷（河本ダム）,西川,岡山県新見市金谷,34.96,133.458542,https://cam.river.go.jp/cam/now/108449030.jpg,,https://www.river.go.jp/kawabou/pc/tm?zm=13&clat=34.98204958367104&clon=133.45333099365237&fld=0&mapType=0&viewGrpStg=0&viewRd=1&viewRW=1&viewRiver=1&viewPoint=1&ext=0&itmkndCd=200&scamId=108449030&ownCd=8449&sysCamId=8449030,岡山県・国土交通省 川の防災情報
okayama-webcam-108449003,108449003,千町川／瀬戸内市邑久町本庄（明見橋）,千町川,岡山県瀬戸内市邑久町本庄,34.661281,134.121213,https://cam.river.go.jp/cam/now/108449003.jpg,,https://www.river.go.jp/kawabou/pc/tm?zm=13&clat=34.66582890455926&clon=134.13534164428714&fld=0&mapType=0&viewGrpStg=0&viewRd=1&viewRW=1&viewRiver=1&viewPoint=1&ext=0&itmkndCd=200&scamId=108449003&ownCd=8449&sysCamId=8449003,岡山県・国土交通省 川の防災情報
okayama-webcam-34.397845-133.555298,34.397845-133.555298,川の防災情報,川の防災情報,川の防災情報,34.397844946449865,133.55529785156253,,,https://www.river.go.jp/kawabou/pc/ov?zm=7&area=87&clat=34.397844946449865&clon=133.55529785156253&fld=0&mapType=0&viewGrpStg=0&viewRd=1&viewRW=1&viewRiver=1&viewPoint=1,岡山県・国土交通省 川の防災情報
okayama-webcam-108449038,108449038,倉敷川／倉敷市藤戸町藤戸（藤戸大橋）,倉敷川,岡山県倉敷市藤戸町藤戸,34.560998,133.808163,https://cam.river.go.jp/cam/now/108449038.jpg,,https://www.river.go.jp/kawabou/pc/tm?zm=14&clat=34.56778607530845&clon=133.78343582153323&fld=0&mapType=0&viewGrpStg=0&viewRd=1&viewRW=1&viewRiver=1&viewPoint=1&ext=0&itmkndCd=200&scamId=108449038&ownCd=8449&sysCamId=8449038,岡山県・国土交通省 川の防災情報
okayama-webcam-108449073,108449073,足守川／岡山市北区延友,足守川,岡山県岡山市北区延友,34.634018,133.866815,https://cam.river.go.jp/cam/now/108449073.jpg,,https://www.river.go.jp/kawabou/pc/tm?zm=13&clat=34.63857501742478&clon=133.87561798095706&fld=0&mapType=0&viewGrpStg=0&viewRd=1&viewRW=1&viewRiver=1&viewPoint=1&ext=0&itmkndCd=200&scamId=108449073&ownCd=8449&sysCamId=8449073,岡山県・国土交通省 川の防災情報
okayama-webcam-108449035,108449035,足守川／岡山市北区撫川（撫川橋）,足守川,岡山県岡山市北区撫川,34.642015,133.842031,https://cam.river.go.jp/cam/now/108449035.jpg,,https://www.river.go.jp/kawabou/pc/tm?zm=13&clat=34.63857501742478&clon=133.87561798095706&fld=0&mapType=0&viewGrpStg=0&viewRd=1&viewRW=1&viewRiver=1&viewPoint=1&ext=0&itmkndCd=200&scamId=108449035&ownCd=8449&sysCamId=8449035,岡山県・国土交通省 川の防災情報
okayama-webcam-108449036,108449036,足守川／岡山市北区門前（生石橋）,足守川,岡山県岡山市北区門前,34.693287,133.807768,https://cam.river.go.jp/cam/now/108449036.jpg,,https://www.river.go.jp/kawabou/pc/tm?zm=13&clat=34.6682290765873&clon=133.82909774780276&fld=0&mapType=0&viewGrpStg=0&viewRd=1&viewRW=1&viewRiver=1&viewPoint=1&ext=0&itmkndCd=200&scamId=108449036&ownCd=8449&sysCamId=8449036,岡山県・国土交通省 川の防災情報
okayama-webcam-108449062,108449062,滝川／勝央町平（太平橋）,滝川,岡山県勝田郡勝央町平,35.045278,134.116083,https://cam.river.go.jp/cam/now/108449062.jpg,,https://www.river.go.jp/kawabou/pc/tm?zm=13&clat=35.082269893755196&clon=134.14186477661136&fld=0&mapType=0&viewGrpStg=0&viewRd=1&viewRW=1&viewRiver=1&viewPoint=1&ext=0&itmkndCd=200&scamId=108449062&ownCd=8449&sysCamId=8449062,岡山県・国土交通省 川の防災情報
okayama-webcam-108449006,108449006,滝川／美作市明見（三星大橋）,滝川,岡山県美作市明見,35.013245,134.148643,https://cam.river.go.jp/cam/now/108449006.jpg,,https://www.river.go.jp/kawabou/pc/tm?zm=13&clat=34.986128262717195&clon=134.17997360229495&fld=0&mapType=0&viewGrpStg=0&viewRd=1&viewRW=1&viewRiver=1&viewPoint=1&ext=0&itmkndCd=200&scamId=108449006&ownCd=8449&sysCamId=8449006,岡山県・国土交通省 川の防災情報
okayama-webcam-108449065,108449065,誕生寺川／久米南町下弓削（西入橋）,誕生寺川,岡山県久米郡久米南町下弓削,34.927111,133.957778,https://cam.river.go.jp/cam/now/108449065.jpg,,https://www.river.go.jp/kawabou/pc/tm?zm=13&clat=34.9465987165995&clon=133.9798164367676&fld=0&mapType=0&viewGrpStg=0&viewRd=1&viewRW=1&viewRiver=1&viewPoint=1&ext=0&itmkndCd=200&scamId=108449065&ownCd=8449&sysCamId=8449065,岡山県・国土交通省 川の防災情報
okayama-webcam-108449066,108449066,通谷川／美咲町西川（利当橋）,通谷川,岡山県久米郡美咲町西川,34.974,133.834056,https://cam.river.go.jp/cam/now/108449066.jpg,,https://www.river.go.jp/kawabou/pc/tm?zm=13&clat=34.946176590087454&clon=133.90617370605472&fld=0&mapType=0&viewGrpStg=0&viewRd=1&viewRW=1&viewRiver=1&viewPoint=1&ext=0&itmkndCd=200&scamId=108449066&ownCd=8449&sysCamId=8449066,岡山県・国土交通省 川の防災情報
okayama-webcam-108449072,108449072,備中川／真庭市下方（紙屋橋）,備中川,岡山県真庭市下方,35.004034,133.73541,https://cam.river.go.jp/cam/now/108449072.jpg,,https://www.river.go.jp/kawabou/pc/tm?zm=13&clat=35.009049470937754&clon=133.79116058349612&fld=0&mapType=0&viewGrpStg=0&viewRd=1&viewRW=1&viewRiver=1&viewPoint=1&ext=0&itmkndCd=200&scamId=108449072&ownCd=8449&sysCamId=8449072,岡山県・国土交通省 川の防災情報
okayama-webcam-108449055,108449055,備中川／真庭市上水田（上水田橋）,備中川,岡山県真庭市上水田,34.966222,133.645694,https://cam.river.go.jp/cam/now/108449055.jpg,,https://www.river.go.jp/kawabou/pc/tm?zm=13&clat=34.98289346497135&clon=133.64542007446292&fld=0&mapType=0&viewGrpStg=0&viewRd=1&viewRW=1&viewRiver=1&viewPoint=1&ext=0&itmkndCd=200&scamId=108449055&ownCd=8449&sysCamId=8449055,岡山県・国土交通省 川の防災情報
okayama-webcam-108449025,108449025,尾坂川／笠岡市甲弩（寺道橋）,尾坂川,岡山県笠岡市甲弩,34.59379,133.548899,https://cam.river.go.jp/cam/now/108449025.jpg,,https://www.river.go.jp/kawabou/pc/tm?zm=13&clat=34.553932081973954&clon=133.4983062744141&fld=0&mapType=0&viewGrpStg=0&viewRd=1&viewRW=1&viewRiver=1&viewPoint=1&ext=0&itmkndCd=200&scamId=108449025&ownCd=8449&sysCamId=8449025,岡山県・国土交通省 川の防災情報
okayama-webcam-108449020,108449020,高梁川／総社市日羽（日羽水位観測所）,高梁川,岡山県総社市日羽,34.714282,133.681458,https://cam.river.go.jp/cam/now/108449020.jpg,,https://www.river.go.jp/kawabou/pc/tm?zm=14&clat=34.69942498433551&clon=133.71417045593265&fld=0&mapType=0&viewGrpStg=0&viewRd=1&viewRW=1&viewRiver=1&viewPoint=1&ext=0&itmkndCd=200&scamId=108449020&ownCd=8449&sysCamId=8449020,岡山県・国土交通省 川の防災情報
okayama-webcam-108449063,108449063,名義川／奈義町広岡（八幡殿橋）,名義川,岡山県勝田郡奈義町広岡,35.119556,134.170444,https://cam.river.go.jp/cam/now/108449063.jpg,,https://www.river.go.jp/kawabou/pc/tm?zm=13&clat=35.082269893755196&clon=134.14186477661136&fld=0&mapType=0&viewGrpStg=0&viewRd=1&viewRW=1&viewRiver=1&viewPoint=1&ext=0&itmkndCd=200&scamId=108449063&ownCd=8449&sysCamId=8449063,岡山県・国土交通省 川の防災情報
okayama-webcam-108449040,108449040,里見川／浅口市金光町占見新田（新御影橋）,里見川,岡山県浅口市金光町,34.541539,133.626907,https://cam.river.go.jp/cam/now/108449040.jpg,,https://www.river.go.jp/kawabou/pc/tm?zm=14&clat=34.532015443274304&clon=133.65074157714847&fld=0&mapType=0&viewGrpStg=0&viewRd=1&viewRW=1&viewRiver=1&viewPoint=1&ext=0&itmkndCd=200&scamId=108449040&ownCd=8449&sysCamId=8449040,岡山県・国土交通省 川の防災情報
okayama-webcam-108449041,108449041,里見川／倉敷市玉島中央町（大正橋）,里見川,岡山県倉敷市玉島中央町,34.545005,133.667335,https://cam.river.go.jp/cam/now/108449041.jpg,,https://www.river.go.jp/kawabou/pc/tm?zm=15&clat=34.54385821475194&clon=133.6788082122803&fld=0&mapType=0&viewGrpStg=0&viewRd=1&viewRW=1&viewRiver=1&viewPoint=1&ext=0&itmkndCd=200&scamId=108449041&ownCd=8449&sysCamId=8449041,岡山県・国土交通省 川の防災情報
okayama-webcam-108449042,108449042,溜川／倉敷市玉島一丁目（新橋）,溜川,岡山県倉敷市玉島一丁目,34.545107,133.673729,https://cam.river.go.jp/cam/now/108449042.jpg,,https://www.river.go.jp/kawabou/pc/tm?zm=15&clat=34.543646120229475&clon=133.67842197418216&fld=0&mapType=0&viewGrpStg=0&viewRd=1&viewRW=1&viewRiver=1&viewPoint=1&ext=0&itmkndCd=200&scamId=108449042&ownCd=8449&sysCamId=8449042,岡山県・国土交通省 川の防災情報
okayama-webcam-108449039,108449039,六間川／倉敷市茶屋町（鶴城橋）,六間川,岡山県倉敷市茶屋町,34.569937,133.819481,https://cam.river.go.jp/cam/now/108449039.jpg,,https://www.river.go.jp/kawabou/pc/tm?zm=14&clat=34.56693793795088&clon=133.81605148315433&fld=0&mapType=0&viewGrpStg=0&viewRd=1&viewRW=1&viewRiver=1&viewPoint=1&ext=0&itmkndCd=200&scamId=108449039&ownCd=8449&sysCamId=8449039,岡山県・国土交通省 川の防災情報
